{
    "Rsq": 0.9916998744010925,
    "loss": 0.1099066851394517
}